-- MySQL dump 10.13  Distrib 8.0.17, for macos10.14 (x86_64)
--
-- Host: csweb.hh.nku.edu    Database: db_fall19_flemingo1
-- ------------------------------------------------------
-- Server version	8.0.17

/*!40101 SET @OLD_CHARACTER_SET_CLIENT=@@CHARACTER_SET_CLIENT */;
/*!40101 SET @OLD_CHARACTER_SET_RESULTS=@@CHARACTER_SET_RESULTS */;
/*!40101 SET @OLD_COLLATION_CONNECTION=@@COLLATION_CONNECTION */;
/*!50503 SET NAMES utf8 */;
/*!40103 SET @OLD_TIME_ZONE=@@TIME_ZONE */;
/*!40103 SET TIME_ZONE='+00:00' */;
/*!40014 SET @OLD_UNIQUE_CHECKS=@@UNIQUE_CHECKS, UNIQUE_CHECKS=0 */;
/*!40014 SET @OLD_FOREIGN_KEY_CHECKS=@@FOREIGN_KEY_CHECKS, FOREIGN_KEY_CHECKS=0 */;
/*!40101 SET @OLD_SQL_MODE=@@SQL_MODE, SQL_MODE='NO_AUTO_VALUE_ON_ZERO' */;
/*!40111 SET @OLD_SQL_NOTES=@@SQL_NOTES, SQL_NOTES=0 */;

--
-- Table structure for table `final_carbon`
--

DROP TABLE IF EXISTS `final_carbon`;
/*!40101 SET @saved_cs_client     = @@character_set_client */;
/*!50503 SET character_set_client = utf8mb4 */;
CREATE TABLE `final_carbon` (
  `code` varchar(10) NOT NULL,
  `year` varchar(5) NOT NULL,
  `value` varchar(45) DEFAULT NULL,
  PRIMARY KEY (`code`,`year`)
) ENGINE=InnoDB DEFAULT CHARSET=utf8mb4 COLLATE=utf8mb4_0900_ai_ci;
/*!40101 SET character_set_client = @saved_cs_client */;

--
-- Dumping data for table `final_carbon`
--

LOCK TABLES `final_carbon` WRITE;
/*!40000 ALTER TABLE `final_carbon` DISABLE KEYS */;
INSERT INTO `final_carbon` VALUES ('CAN','2003','546.869787152'),('CAN','2004','540.244139501'),('CAN','2005','541.942589319'),('CAN','2006','528.510201836'),('CAN','2007','551.618313016'),('CAN','2008','545.947101473'),('CAN','2009','502.056989633'),('CAN','2010','525.674233902'),('CAN','2011','532.145191194'),('CAN','2012','513.639124713'),('CAN','2013','529.067491252'),('CAN','2014','537.974711582'),('CAN','2015','529.93924462'),('CAN','2016','543.005815796'),('CAN','2017','559.978723031'),('CHN','2003','4534.3891965'),('CHN','2004','5337.02878673'),('CHN','2005','6099.47972853'),('CHN','2006','6677.85901439'),('CHN','2007','7240.32828418'),('CHN','2008','7378.52977214'),('CHN','2009','7708.82970138'),('CHN','2010','8135.24786787'),('CHN','2011','8805.84199641'),('CHN','2012','8991.47620819'),('CHN','2013','9237.72331164'),('CHN','2014','9223.72750018'),('CHN','2015','9174.61760698'),('CHN','2016','9118.95144542'),('CHN','2017','9229.77970895'),('CHN','2018','9428.71223083'),('DEU','2003','857.87570931'),('DEU','2004','843.700844124'),('DEU','2005','822.168641432'),('DEU','2006','840.120242529'),('DEU','2007','807.230947555'),('DEU','2008','806.468611386'),('DEU','2009','751.015478912'),('DEU','2010','780.554878539'),('DEU','2011','761.029623903'),('DEU','2012','770.291290455'),('DEU','2013','794.595782353'),('DEU','2014','748.355752269'),('DEU','2015','751.936598134'),('DEU','2016','766.571348931'),('DEU','2017','762.617300029'),('DEU','2018','725.67347129'),('NZL','2003','35.943473048'),('NZL','2004','35.0969086634'),('NZL','2005','37.0092646451'),('NZL','2006','37.0472869954'),('NZL','2007','35.8691271527'),('NZL','2008','36.9467947059'),('NZL','2009','33.8851092837'),('NZL','2010','34.0335368296'),('NZL','2011','33.5065215064'),('NZL','2012','35.2922210508'),('NZL','2013','34.988553905'),('NZL','2014','34.993066772'),('NZL','2015','35.4767000437'),('NZL','2016','34.7381889589'),('NZL','2017','36.8469826464'),('NZL','2018','35.8686918183'),('USA','2003','5717.46037571'),('USA','2004','5815.97779372'),('USA','2005','5851.32194043'),('USA','2006','5770.96040296'),('USA','2007','5861.10073591'),('USA','2008','5675.7023044'),('USA','2009','5263.89639259'),('USA','2010','5465.59346542'),('USA','2011','5355.70638666'),('USA','2012','5137.04065795'),('USA','2013','5260.4714026'),('USA','2014','5300.38690242'),('USA','2015','5153.69295686'),('USA','2016','5053.71866408'),('USA','2017','5014.35676074'),('USA','2018','5145.1631872');
/*!40000 ALTER TABLE `final_carbon` ENABLE KEYS */;
UNLOCK TABLES;

--
-- Table structure for table `final_countries`
--

DROP TABLE IF EXISTS `final_countries`;
/*!40101 SET @saved_cs_client     = @@character_set_client */;
/*!50503 SET character_set_client = utf8mb4 */;
CREATE TABLE `final_countries` (
  `code` varchar(5) NOT NULL,
  `name` varchar(45) NOT NULL,
  `population` varchar(45) DEFAULT NULL,
  PRIMARY KEY (`code`)
) ENGINE=InnoDB DEFAULT CHARSET=utf8mb4 COLLATE=utf8mb4_0900_ai_ci;
/*!40101 SET character_set_client = @saved_cs_client */;

--
-- Dumping data for table `final_countries`
--

LOCK TABLES `final_countries` WRITE;
/*!40000 ALTER TABLE `final_countries` DISABLE KEYS */;
INSERT INTO `final_countries` VALUES ('CAN','Canada','37590000'),('CHN','China','1386000000'),('DEU','Germany','82790000'),('NZL','New Zealand','4794000'),('USA','United States','327200000');
/*!40000 ALTER TABLE `final_countries` ENABLE KEYS */;
UNLOCK TABLES;

--
-- Table structure for table `final_hydro`
--

DROP TABLE IF EXISTS `final_hydro`;
/*!40101 SET @saved_cs_client     = @@character_set_client */;
/*!50503 SET character_set_client = utf8mb4 */;
CREATE TABLE `final_hydro` (
  `code` varchar(5) NOT NULL,
  `year` varchar(45) NOT NULL,
  `value` varchar(45) DEFAULT NULL,
  PRIMARY KEY (`code`,`year`)
) ENGINE=InnoDB DEFAULT CHARSET=utf8mb4 COLLATE=utf8mb4_0900_ai_ci;
/*!40101 SET character_set_client = @saved_cs_client */;

--
-- Dumping data for table `final_hydro`
--

LOCK TABLES `final_hydro` WRITE;
/*!40000 ALTER TABLE `final_hydro` DISABLE KEYS */;
INSERT INTO `final_hydro` VALUES ('CAN','2003','336.25036464646'),('CAN','2004','338.50936060606'),('CAN','2005','362.06674949495'),('CAN','2006','352.99828585858'),('CAN','2007','367.73245959596'),('CAN','2008','377.59873030303'),('CAN','2009','368.7984050505'),('CAN','2010','351.4958030303'),('CAN','2011','375.83472424242'),('CAN','2012','380.37813636363'),('CAN','2013','391.89987171717'),('CAN','2014','382.61237878787'),('CAN','2015','377.62103636363'),('CAN','2016','388.24141414141'),('CHN','2003','283.68'),('CHN','2004','353.544'),('CHN','2005','397.017'),('CHN','2006','435.786'),('CHN','2007','485.264'),('CHN','2008','636.96'),('CHN','2009','615.64'),('CHN','2010','711.38314'),('CHN','2011','688.045'),('CHN','2012','862.79411'),('CHN','2013','909.6112734'),('CHN','2014','1051.1466737'),('CHN','2015','1114.47'),('CHN','2016','1162.77'),('DEU','2003','17.722'),('DEU','2004','20.096'),('DEU','2005','19.639'),('DEU','2006','20.0085'),('DEU','2007','21.169'),('DEU','2008','20.443'),('DEU','2009','19.031'),('DEU','2010','20.953'),('DEU','2011','17.672274'),('DEU','2012','22.09'),('DEU','2013','22.998'),('DEU','2014','19.58710177'),('DEU','2015','18.97715888'),('DEU','2016','21'),('NZL','2003','23.625706052096'),('NZL','2004','27.233714059848'),('NZL','2005','23.330165817677'),('NZL','2006','23.566757722096'),('NZL','2007','23.647040773232'),('NZL','2008','22.350371489266'),('NZL','2009','24.215194386663'),('NZL','2010','24.728229851665'),('NZL','2011','25.112197585381'),('NZL','2012','22.89618422524'),('NZL','2013','23.059811308282'),('NZL','2014','24.367046455966'),('NZL','2015','24.600666865104'),('NZL','2016','25.987882189607'),('USA','2003','269.97096767676'),('USA','2004','262.55464444444'),('USA','2005','266.42774444444'),('USA','2006','285.54401414141'),('USA','2007','243.04406262626'),('USA','2008','251.05386161616'),('USA','2009','271.53307979798'),('USA','2010','257.27468383838'),('USA','2011','316.09534141414'),('USA','2012','274.03002727272'),('USA','2013','266.54984848485'),('USA','2014','255.75057979798'),('USA','2015','246.45312828283'),('USA','2016','261.76081313131');
/*!40000 ALTER TABLE `final_hydro` ENABLE KEYS */;
UNLOCK TABLES;
/*!40103 SET TIME_ZONE=@OLD_TIME_ZONE */;

/*!40101 SET SQL_MODE=@OLD_SQL_MODE */;
/*!40014 SET FOREIGN_KEY_CHECKS=@OLD_FOREIGN_KEY_CHECKS */;
/*!40014 SET UNIQUE_CHECKS=@OLD_UNIQUE_CHECKS */;
/*!40101 SET CHARACTER_SET_CLIENT=@OLD_CHARACTER_SET_CLIENT */;
/*!40101 SET CHARACTER_SET_RESULTS=@OLD_CHARACTER_SET_RESULTS */;
/*!40101 SET COLLATION_CONNECTION=@OLD_COLLATION_CONNECTION */;
/*!40111 SET SQL_NOTES=@OLD_SQL_NOTES */;

-- Dump completed on 2019-12-04 16:52:23
